niche_id,niche_name,layer,mode,description,anchor_companies,skills_must_have,skills_nice_to_have,daily_work,entry_cost_money_min_gbp,entry_cost_money_comfortable_gbp,entry_cost_time,entry_barrier,revenue_source,revenue_floor_gbp,revenue_ceiling_gbp,revenue_floor_source,revenue_ceiling_source,time_window,risk_factors,upward_path,crypto_relevant
L1-EMP-01,机器人AI开发者关系/布道师 (DevRel),L1,employee,作为基础模型公司的开发者关系工程师，把开源机器人学习栈（LeRobot、GR00T、Isaac）讲清楚：写教程、跑demo、运营社区、收集开发者反馈喂给产品团队。为公司创造采用率与生态价值。,Hugging Face (LeRobot); NVIDIA (Isaac/GR00T),开源社区运营; 机器人学习基础(VLA/policy); Python; 技术写作/演讲; GitHub/Hub工作流,短视频/直播; 会议演讲; 多语种,周一清理社区issue与Discord答疑; 周二/周三写教程或录制demo并发布; 周四对外直播/线上答疑; 周五汇总开发者反馈给产品+模型团队，更新文档。,0,900,3-6个月建立公开作品集(教程/PR)后可入职,需公开可见的内容/贡献作品集; 英文沟通; 一般要求曾贡献过开源,工资+股权,87400,196900,Glassdoor Developer Advocate avg ~$111k (converted from USD),levels.fyi DevRel high band; HF SWE median $183k proxy (converted from USD),now,LLM自动生成文档/教程削弱需求; 机器人开发者市场仍小,12-24月→DevRel负责人 / 产品市场经理 / 独立技术内容创业(见L1-SOLO-03),false
L1-EMP-02,前置部署/解决方案工程师 (基础模型机器人公司),L1,employee,在客户现场把基础模型机器人系统装起来、调通、跑起来：硬件/网络/软件集成、按客户需求写适配代码、debug。明确接受'相关技术经验'而非必须博士。,Physical Intelligence; Covariant; Field AI,现场部署与调试; Python; 策略rollout与数据运维; 客户集成沟通,ROS2; 网络/Linux运维; 行业领域知识,周一对接客户排期; 周二-周四驻场安装/标定/采数/调策略; 周五回传失败案例与数据，提交适配PR并写部署报告。,0,1500,0-3个月(有软件/集成经验可直接入职),需可证明的工程项目经历; 常需出差; 地理临近客户,工资+股权,134600,326800,levels.fyi Palantir FDSE floor $171k (converted from USD),levels.fyi Palantir FDSE top $415k (converted from USD),now,基础模型若实现真正即插即用，部署人力需求下降,12-24月→部署主管 / 解决方案架构师 / 转微创业做部署服务(L5-MICRO-01),false
L1-MICRO-01,VLA微调/遥操作转策略 工具平台微创业,L1,micro_startup,1-5人团队，在开源VLA(LeRobot/OpenPI/GR00T)之上做'一键微调+遥操作转策略'的工具或SaaS，卖给想训练自己机器人的中小团队。,phospho; EmbodiFlow (IO-AI),VLA训练流水线; 中间件/Docker打包; VR遥操作集成; 产品/UX,硬件供应; 增长营销; 云GPU成本优化,周一看用户反馈排优先级; 周二-周四开发训练/遥操作功能、修复流水线; 周五发版+写changelog+做用户demo/onboarding。,2000,15000,3-6个月做出可用MVP,需VLA训练工程能力+种子用户; 云GPU成本,SaaS订阅/服务费,23600,157500,roboticscenter.ai 托管VLA服务定价低端 (converted from USD),roboticscenter.ai 多项目托管$35k/项目×多个 (converted from USD),now,HF/NVIDIA官方工具内置同等功能即被碾压,12-24月→YC/种子轮做成数据+训练平台公司,false
L1-MICRO-02,VLA微调即服务工作室,L1,micro_startup,1-5人，按合同为客户采集遥操作数据并微调出可用VLA策略(OpenVLA/pi0/SmolVLA)，交付评测报告。服务而非产品。,SVRC (Silicon Valley Robotics Center),遥操作数据采集(50Hz RLDS/LeRobot); 预算内VLA训练; 评测设计,多机位标定; 客户领域知识,周一接需求定任务; 周二-周三采数; 周四训练+评测; 周五交付报告与权重，回收下一批任务。,3000,20000,2-4个月(攒齐采集设备+训练流程),需采集硬件+GPU+评测方法学,项目合同费,23600,157500,roboticscenter.ai 单批pilot定价 (converted from USD),roboticscenter.ai $35k/项目×多项目 (converted from USD),now,数据采集成本下降+客户自建能力上升压缩利润,12-24月→专做某垂直(如物流)的数据+策略公司,false
L1-SOLO-01,开源VLA微调自由顾问,L1,solo,个人在Upwork/Toptal接单，为客户用LoRA/PEFT微调开源VLA(OpenVLA/pi0)、整理LeRobot数据集、单卡训练并评测。,Upwork/Toptal (锚: OpenVLA + LeRobot),PEFT/LoRA微调; LeRobot数据格式; 单GPU(A100/H100)训练; 模型评测,云GPU租用; 客户沟通; 英文写作,周一投标/对接客户; 周二-周四整理数据、跑微调与评测; 周五交付权重+评测报告并复盘报价。,400,4000,1-3个月(建Upwork档案+1-2个公开案例),需可展示的微调案例; 云GPU预付; 平台抽成,自由职业合同(时薪),63000,315000,Upwork ML $80/hr×~1000h (converted from USD),Toptal微调专家$250/hr×~1600h (converted from USD),now,微调工具自动化后门槛降低; AI自由职业供给激增压价,12-24月→VLA微调工作室(L1-MICRO-02)或专家顾问品牌,false
L1-SOLO-02,独立具身AI研究者 / LeRobot贡献者,L1,solo,个人在Hugging Face Hub发布LeRobot模型/数据集，做开放研究，通过赏金、赞助、grant变现，建立学术/技术声誉。,Hugging Face Hub (LeRobot/RLDS社区),LeRobotDataset/RLDS转换; SO-100/Koch遥操作采集; 模型卡发布; 研究写作,arXiv发paper; 推特/X影响力; 申请grant,周一-周三做实验/训模型/采数据; 周四写model card与博客发布; 周五社区互动、申请赏金/grant、维护赞助页。,500,4000,3-9个月建立可见产出,需自购入门机械臂+GPU; 自律与声誉积累慢,赞助/赏金/grant,7900,39400,GitHub Sponsors低档~$800/mo (converted from USD),GitHub Sponsors顶档$4k/mo + grant (converted from USD),now,开放研究变现难; 大厂开源挤压个人贡献可见度,12-24月→被实验室招募(L1-EMP)或拿种子做工具(L1-MICRO-01),false
L1-SOLO-03,机器人/具身AI 教育者与内容创作者,L1,solo,跨层位面向开发者做教学内容：从VLA模型讲解到SO-ARM/LeRobot搭建到ROS2课程，通过YouTube广告、Udemy课程、赞助变现。(合并了原L1/L4/L5三个教育者条目),Hugging Face LeRobot教程; Class Central SO-ARM课程; The Construct (ROS2),把机器人/VLA讲清楚; 视频制作; 课程设计; 受众增长,实操搭建演示; SEO; 社群运营,周一选题+脚本; 周二-周三录制(讲模型/搭机器人/讲ROS2); 周四剪辑发布; 周五回评论、更新课程、谈赞助。,800,4000,6-12个月攒受众到可变现,需相机/麦克风+演示硬件; 受众积累慢; 高弃坑率,广告/课程销售/赞助,1600,118100,bloggingx Udemy多数讲师<$1k/yr (converted from USD),Udemy顶1%>$50k叠加YouTube广告+赞助 (converted from USD),now,AI生成教学内容泛滥; 平台算法/分成变化,12-24月→付费社区/训练营 / 与硬件厂联名带货,false
L1-SOLO-04,具身红队 / VLA评测基准搭建者,L1,solo,个人专攻具身模型的对抗测试与鲁棒性评测：构造对抗指令、搭评测harness、为实验室/公司按合同或赏金做安全评估。,OpenVLA; GR00T; pi0 (研究+服务),具身红队方法; 对抗指令生成; 安全/鲁棒性基准设计,发表评测论文; 安全合规知识,周一-周三设计并运行对抗评测/搭harness; 周四整理发现写报告; 周五投递赏金/对接评测合同、更新公开基准。,500,4000,3-6个月(需先有公开评测作品),需扎实的评测/安全方法学; 市场尚早,合同/赏金,23600,149600,AI bug bounty低端多为$500-15k/yr (converted from USD),AI红队合同$110-190k (converted from USD),6-12mo,具身安全市场尚未成熟; 需求依赖监管推动,12-24月→具身AI安全公司或被前沿实验室招募,false
L2-EMP-01,合成数据/仿真数据流水线工程师,L2,employee,为仿真/合成数据公司建数据流水线：传感器仿真、域随机化、自动生成带标注的训练数据，喂给客户的感知/操作模型。,Applied Intuition; Parallel Domain; SKY ENGINE AI,Python; 数据流水线; 域随机化; 传感器/标注流程; 计算几何,Unreal/Unity; CV/ML; 云批处理,周一对齐数据需求; 周二-周四开发/调流水线、生成与质检数据集; 周五交付数据并优化生成参数。,0,1500,3-6个月(有数据/Python工程背景),需软件工程能力(非必须博士); 竞争激烈,工资+股权,98400,236200,Greenhouse Applied Intuition JD $125k floor (converted from USD),levels.fyi data-engineer high band (converted from USD),now,生成式世界模型可能取代手工合成数据流水线,12-24月→仿真平台资深工程师 / 自由合成数据承包(L2-SOLO-01),false
L2-EMP-02,仿真软件工程师 (游戏引擎),L2,employee,用Unreal/Unity/Omniverse写机器人仿真环境与引擎功能，支持sim-to-real训练与验证。,Applied Intuition; Parallel Domain; Unity Technologies,C++/Python; 游戏引擎/仿真编程; 渲染或物理建模,RL; 域随机化; sim-to-real,周一排期; 周二-周四开发引擎/环境功能、修bug; 周五代码评审+集成测试。,0,1500,3-6个月(有引擎/游戏编程背景),需较强C++/引擎能力; 游戏转行可行,工资+股权,75400,248000,Glassdoor Applied Intuition Sim SWE est (converted from USD),levels.fyi Applied Intuition Sr SWE $315k (converted from USD),now,引擎厂自带工具+AI辅助编程降低人力需求,12-24月→仿真团队lead / 独立卖仿真资产(L2-SOLO-02),false
L2-EMP-03,仿真解决方案架构师 (Omniverse/Isaac/数字孪生),L2,employee,面向客户/合作伙伴，把Isaac Sim/Omniverse/数字孪生方案落地：搭场景、做集成、做赋能演示。偏DevRel+解决方案。,NVIDIA (Isaac/Omniverse); Duality AI (Falcon),Isaac Sim/Lab; OpenUSD; ROS2; Python+C++,3D内容; 客户演讲; 合作伙伴管理,周一对接客户需求; 周二-周四搭演示场景+集成机器人算法; 周五客户赋能/培训+反馈回NVIDIA产品线。,0,2000,3-9个月(需掌握Omniverse/USD栈),需Omniverse/USD专长+客户沟通,工资+股权,113400,281100,Glassdoor NVIDIA SA Omniverse est floor (converted from USD),jobright NVIDIA Sr SA Physical AI & Omniverse (converted from USD),now,Omniverse生态若收缩则需求下降,12-24月→解决方案主管 / 独立Omniverse顾问,false
L2-MICRO-01,世界模型/仿真环境微创业 (策略评测),L2,micro_startup,1-5人做世界模型或仿真环境，专门给机器人策略做训练与评测(如布料/装箱任务)，卖访问权或评测服务。,One Robot (YC),世界模型/仿真; 操作任务建模; 训练/评测基础设施,融资; RL; 增长,周一定研发优先级; 周二-周四搭仿真任务+评测管线; 周五对接客户/投资人+发demo。,2000,20000,6-12个月做出可演示产品,技术门槛高; 多为风投驱动、早期无收入,种子融资/早期合同(创始人工资),0,118100,早期无收入(YC种子前) — pre-revenue,种子期创始人薪~$100-150k proxy (converted from USD),6-12mo,大厂世界模型(NVIDIA Cosmos等)挤压; 技术风险高,12-24月→拿种子轮成为仿真/世界模型公司,false
L2-MICRO-02,制造业合成数据+仿真CV产品微创业,L2,micro_startup,1-5人，做面向制造业的合成数据+仿真CV产品，让客户少拍真实数据就能训缺陷检测/抓取模型。,Bucket Robotics (YC S24),合成数据生成; 仿真; 边缘CV部署,制造业领域知识; 销售,周一客户对接; 周二-周四生成数据+训练+部署边缘CV; 周五客户验收与迭代。,2000,20000,6-12个月,需CV+制造业know-how+早期客户,产品/项目收入,15700,157500,早期产品收入估 (converted from USD),小型垂直CV产品天花板估 (converted from USD),now,通用CV/基础模型蚕食定制合成数据需求,12-24月→垂直制造AI质检公司,false
L2-SOLO-01,自由机器人仿真工程师 (Isaac/Gazebo/ROS2),L2,solo,个人在Upwork接单，为客户搭仿真环境、URDF建模、做导航/操作仿真，也承接合成数据流水线。,Upwork (锚: ROS2 + Isaac Sim/Gazebo/Webots),ROS2; Isaac Sim/Gazebo; URDF/Xacro; Nav2/运动规划,域随机化; CV; 客户沟通,周一投标; 周二-周四搭仿真/建模/调参; 周五交付+录演示视频+复盘。,300,3000,1-3个月(建档案+案例),需作品集; 平台抽成; 较强GPU机器,自由职业合同,39400,126000,Upwork ROS $45-50/hr×~1000h (converted from USD),Upwork机器人$80-100/hr×~1600-2000h (converted from USD),now,AI辅助降低门槛压价; 仿真即服务平台化,12-24月→仿真工作室或入职平台(L2-EMP),false
L2-SOLO-02,SimReady/USD 数字孪生3D资产卖家,L2,solo,个人制作并在Omniverse/Unreal Fab/Unity商店出售物理就绪(SimReady)的USD 3D资产/场景，被机器人团队买去搭仿真。被动+定制收入。,NVIDIA Omniverse SimReady; Unreal Fab / Unity Asset Store,OpenUSD建模; USDPhysics属性; 语义标注; 模块化场景建模,材质/渲染; 自动化批量出资产,周一-周三建模+加物理/语义属性; 周四上架+写文档; 周五看销量、做定制单、更新热门资产。,200,2500,1-3个月(出第一批资产),需3D建模技能; 长尾被动收入起量慢,资产销售(88%分成)+定制,3900,69300,多数资产卖家被动收入很低 polycount (converted from USD),Fab 88%分成下可持续独立店营收 (converted from USD),now,生成式3D(文本生资产)冲击手工资产市场,12-24月→数字孪生资产工作室 / 接大厂定制合同,false
L2-SOLO-03,MuJoCo/Isaac Lab 插件与sim-to-real开发者,L2,solo,个人在GitHub维护MuJoCo/Isaac Lab插件、RL sim-to-real工具，靠GitHub Sponsors+赏金+咨询变现。,GitHub (MuJoCo-Warp / Isaac Lab),MuJoCo C API; MJCF; GPU物理(Warp); RL; sim-to-real,文档/教程; 维护社区,周一-周三开发/维护插件、处理issue与PR; 周四发布+写文档; 周五接咨询单、维护赞助页。,0,2000,3-9个月建立项目影响力,需深仿真/RL功底; 赞助收入起量慢,GitHub Sponsors+赏金+咨询,7900,37800,GitHub Sponsors低档~$800/mo (converted from USD),GitHub Sponsors顶档$4k/mo (converted from USD),now,官方工具覆盖插件功能; 纯OSS变现难,12-24月→被仿真公司招募 / 做付费工具,false
L3-SOLO-01-WEST,居家远程遥操作数据采集员 (西方),L3,solo,个人用VR/SO-ARM设备在家远程操控机器人采集演示数据，按demo计酬，喂给机器人训练。,SVRC Robotics Center; Claru,VR/遥操作设备操作; 抓放灵巧度; demo产出速度,数据质检; 多任务适配,周一领任务清单; 周二-周五按任务远程遥操作采集demo，自检合格率，提交结算。,400,2500,数天-2周(设备到位+培训),需VR/遥操作设备+稳定网络; 计件收入波动,按demo/时薪,15700,48800,SVRC居家VR $20/hr×part-time (converted from USD),$30/hr×2080h + 每accepted demo奖金 (converted from USD),now,仿真数据/低成本海外采集替代; 自动化数据生成,12-24月→遥操作数据工作室(L3-MICRO-01-WEST)或团队主管,false
L3-SOLO-01-CN,现场遥操作数据采集员 (中国数据工厂),L3,solo,在数据采集工厂现场穿戴遥操作/外骨骼设备，重复采集机器人演示数据，按场次/工时计酬。,DataOcean AI; Datatang; Lingyu (TeleAvatar),遥操作设备操作; 重复任务耐受; 标准化动作,质检; 设备维护,按工厂排班，每日多场次重复采集同类任务(每场约3小时)，现场质检后结算。,0,0,数天(入职培训),需就近数据工厂; 收入低、重复劳损,工时/场次工资,4700,9400,restofworld ¥149/$22每3小时场次 (converted from USD),restofworld 全职年化估 (converted from USD),now,采集自动化/仿真替代; 区域产能过剩压价,12-24月→数据工厂班组长/运营(L3-MICRO-01-CN),false
L3-SOLO-02,机器人演示数据集制作与销售,L3,solo,个人用自有SO-ARM100/ALOHA录制演示数据集，在HF Hub或数据市场(DeepAware)按集/授权出售或拿赏金。(合并'录制者'与'市场卖家'),Hugging Face Hub; Robotics Center / DeepAware AI,SO-ARM组装; lerobot-record; episode质检; 授权/许可选择,数据集打包/文档; 质量评分优化,周一选高需求任务; 周二-周四录制+质检+打包; 周五上架/定价/选授权并跟进买家。,200,1500,2-4周(组装设备+首个数据集),需自购机械臂; 市场需求与定价不稳定,数据集销售/赏金,2000,31500,社区数据集多为免费→赏金/¥4/episode (converted from USD),批量按集销售估算 DeepAware/roboticscenter (converted from USD),now,数据集供给激增压价; 大厂自建数据,12-24月→微型数据工作室(L3-MICRO-01),false
L3-SOLO-03,第一视角演示视频 零工采集员,L3,solo,个人戴头戴相机/手机，在家庭/工厂/零售场景采集第一视角(egocentric)操作视频，按小时/任务计酬，喂给具身学习。,Awign; Mecka AI; DoorDash Tasks,可穿戴相机采集; 任务执行; 基本取景,多场景适配; 上传/标注配合,按派单在指定场景完成日常任务并录制第一视角视频，当日上传并通过质检结算。,0,200,数天(报名+设备),区域可用性; 时薪低(尤其新兴市场),零工时薪,3900,15700,Awign ₹250-400/hr(~$2.6-4.2) (converted from USD),西方Mecka/DoorDash零工估 (converted from USD),now,供给充足、单价低; 数据饱和后需求下降,12-24月→采集班组主管(L3-MICRO-03),false
L3-SOLO-04,加密遥操作/Drive-to-Earn 数据操作员,L3,solo,个人通过去中心化协议远程操控机器人/路面小车赚取代币与积分(PrismaX质押+遥操作; FrodoBots驾驶赚取)。,PrismaX ($PIX); FrodoBots Lab / BitRobot,标准化遥操作/远程驾驶; 钱包/质押操作; 速度+准确率,加密生态理解; 多账户管理,每日完成遥操作/驾驶任务赚积分与快返奖励，管理质押与钱包，关注TGE进展。,0,250,数天(注册+设备/租车),代币未TGE、现金价值高度不确定; 设备/租车成本,代币/积分(投机),0,2800,"PrismaX目前仅积分、$PIX未上线 — speculative, pre-TGE",FrodoBots 1 TC=$1/hr代理 — speculative (converted from USD),6-12mo,代币归零/项目失败; 监管; 奖励稀释,12-24月→遥操作公会运营(L3-MICRO-04),true
L3-SOLO-05,加密激励数据标注员 (Codatta),L3,solo,个人在区块链数据协议上标注/验证数据(含机器人轨迹/地址元数据)，按质量分获积分与持续版税(版税模型)。,Codatta ($XNY / Metis),数据标注; 领域知识; 共识验证,加密钱包; 数据质量优化,每日领取标注任务、提交并参与共识验证，积累积分与版税，跟踪代币活动。,0,0,数小时(注册即开始),收益高度不确定; 代币价值低($XNY≈$0.0083),代币/积分/版税(投机),0,500,积分/版税模型、人均提交少 — speculative,600M $XNY 12周池分摊、单人份额小 — speculative (converted from USD),6-12mo,代币归零; 奖励池稀释; 协议失败,12-24月→标注社区运营/版税资产积累,true
L3-SOLO-06,自由动作捕捉采集师 (Rokoko/Xsens),L3,solo,个人用Rokoko/Xsens动捕套装+手套，在Fiverr/Upwork接单采集人体演示动作并清理导出，供机器人/动画使用。,"Fiverr/Upwork (锚: Rokoko, Xsens)",套装标定; 全身+手指捕捉; FBX导出/清理,角色重定向; 动画后期,周一接单沟通; 周二-周四标定+采集+清理数据; 周五交付+复盘+维护作品集。,2400,3200,2-4周(设备到位+样片),动捕套装+手套约$3-4k起步资本,按单/时薪,15700,94500,Fiverr $200/单×适度量 (converted from USD),$75-120/hr清理采集×~1000-1600h (converted from USD),now,无标记视频动捕(纯CV)替代套装,12-24月→动捕即服务工作室(L3-MICRO-02),false
L3-SOLO-07,自由数据标注/打标承包人,L3,solo,个人在Upwork等接机器人多模态数据(视频/深度/力)标注与质检单，按时/按件计酬。,"Upwork (锚: micro1, Scale AI)",图像/视频标注; 标注质检; 标注工具,3D/LiDAR标注; 脚本自动化,周一接单; 周二-周五批量标注并自检; 周五结算并争取长期客户。,0,200,数天-2周,入门门槛低→竞争激烈、压价,按时/按件,14200,78700,ZipRecruiter数据标注$9-25/hr (converted from USD),高端$54/hr×~1800h或按件专项 (converted from USD),now,自动标注模型替代基础标注; 低价竞争,12-24月→标注质检主管(L3-EMP-03)或微型标注厂(L3-MICRO-05),false
L3-MICRO-01-WEST,微型遥操作数据工作室 (西方),L3,micro_startup,1-5人用几台SO-ARM/遥操作机位，按合同批量采集演示数据卖给实验室/数据公司。,卖给 SVRC / Cortex AI / 实验室,多机位运营; 产能排程; 金标准demo设计,数据质检自动化; 客户BD,周一接合同定任务; 周二-周四多机位采集+质检; 周五交付批次+对账+谈新单。,3000,20000,1-3个月(设备+流程+首单),需多套设备+稳定客户; 现金流前置,按集/批次合同,2000,94500,"roboticscenter 单批pilot $2,500 (converted from USD)",多个$20-35k批次合同/年 (converted from USD),now,低成本海外采集+仿真替代; 客户自建,12-24月→区域数据采集公司,false
L3-MICRO-01-CN,机器人数据采集工厂运营 (中国),L3,micro_startup,运营一个实体数据采集场(数十工位)，组织工人批量采集遥操作/演示数据，按集卖给机器人公司。比西方工作室规模更大、单价更低。,DataOcean AI; Datatang; Integer Intelligence,场地与工位运营; 工人招募排班; 批量质检; 客户合同,政府补贴对接; 供应链,管理多班次工人采集，按SOP质检入库，按合同向机器人厂交付大批量数据。,40000,200000,3-9个月(场地+设备+用工),资本/场地/用工门槛高; 偏小企业非纯个人,按集大批量合同,23600,236200,restofworld 小型中心运营估 (converted from USD),restofworld 中型中心合同估(UBTech向中心售$80M为产业上限) (converted from USD),now,区域产能过剩压价; 采集自动化,12-24月→区域龙头数据供应商,false
L3-MICRO-02,动作捕捉即服务 精品工作室,L3,micro_startup,1-5人自有Rokoko/Xsens动捕棚，承接定制人体动作采集+清理交付，服务机器人/游戏/影视客户。,"Fiverr/Toptal (锚: Rokoko, Xsens)",棚内采集; 清理流水线; 重定向; 客户交付,场地; 角色绑定; 销售,周一-周二排片+布棚; 周三-周四采集多项目; 周五清理交付+谈新项目。,3200,20000,1-3个月(棚+样片+客户),设备+场地资本; 客户开发,按场/按项目,18900,157500,"$2,000/场×~1场/月 mocaponline (converted from USD)",$15-30k/项目×多项目 mocaponline (converted from USD),now,无标记视频动捕降低棚需求,12-24月→区域动捕/数据服务公司,false
L3-MICRO-03,第一视角采集 班组运营/外勤主管,L3,micro_startup,招募并管理一队戴可穿戴相机的零工，组织在工厂/家庭/零售批量采集第一视角数据，赚取量产中的服务差价。,Awign; Mecka; Human Archive,队伍招募; 外勤物流; 采集质检; 头戴设备适配,多城市运营; 数据平台对接,招募/排班工人，部署到现场采集，做质检与上传管理，按4K视频量与平台结算并扩队。,2000,15000,1-3个月(组队+首批合同),需人力网络与外勤管理; 单价薄靠量,量产服务差价,31500,236200,Awign队伍管理估、工人₹250-400/hr (converted from USD),Awign 1000+小时/日 4K量产差价 (converted from USD),now,数据饱和后需求降; 平台直招绕过中间人,12-24月→区域数据采集服务公司,false
L3-MICRO-04,加密遥操作公会运营 (PrismaX),L3,micro_startup,组建并质押一个遥操作公会，招募与调度操作员，从其产出的积分/快返奖励中分成。,PrismaX ($PIX),公会组织; 质押管理; 操作员协调; QRB优化,加密社群运营; 多账户/反作弊,招募/培训操作员，管理质押与任务路由，监控产出与奖励，分配收益并扩员。,0,4000,数周(组队+质押),代币未TGE、收益不确定; 需社群与资本质押,公会分成(投机),,,pre-TGE，无确定现金收益 — speculative (n/f),PrismaX a16z背书$11M规模为参照 — speculative (n/f),6-12mo,代币归零; 项目失败; 监管,12-24月→去中心化数据网络运营方,true
L3-MICRO-05,标注/质检 微型供应商,L3,micro_startup,1-5人小型标注厂，承接数据平台分包的机器人多模态标注与质检，做交付与人员培训。,Scale AI / Encord / Objectways,标注流水线管理; 质检主管; 客户交付; 标注员培训,3D/LiDAR标注; 工具搭建,周一接分包定SOP; 周二-周四组织标注+质检; 周五交付+对账+培训新标注员。,1000,10000,1-2个月(组队+首单),需客户分包关系; 利润薄,分包合同,23600,118100,质检主管劳力~$45/hr基准估 (converted from USD),小型标注厂分包营收估 (converted from USD),now,自动标注替代; 低价区域竞争,12-24月→区域标注服务公司或专精某模态,false
L3-EMP-01,远程遥操作操作员 (受雇),L3,employee,在遥操作即服务公司做受雇操作员，用VR/XR远程操控机器人采集数据或处理边缘案例。,Adamo; Claru; Sensei; Extend Robotics,VR/XR遥操作; 触觉手部追踪; 故障排查; 操作灵巧度,多机型适配; 轮班耐受,按班次远程遥操作机器人采集/接管，记录会话，处理异常并交接。,0,0,数天-2周(入职培训),需稳定网络; 计时/轮班; 部分要求现场,工资(时薪),29100,59100,WFH机器人操作员中位~$17.63/hr年化 ZipRecruiter (converted from USD),遥操作$25-75/hr上端 ZipRecruiter (converted from USD),now,自主化提升减少人工接管; 离岸低薪竞争,12-24月→操作主管/数据运营(L3-EMP-02),false
L3-EMP-02,数据运营经理/人类数据策略师,L3,employee,在数据公司管理标注项目、优化数据质量、培训标注员、对接客户，确保机器人数据交付。,Encord; Scale AI,标注项目管理; 数据质量优化; 标注员培训; 客户沟通,脚本/工具; 行业领域知识,周一定项目计划; 周二-周四监控质量+协调标注队伍+客户对齐; 周五复盘指标+改进SOP。,0,500,0-3个月(有运营/PM经验),需PM/运营经验; 非纯入门岗,工资+股权,69600,129900,Salary.com Surge AI Data Ops 25th $88.4k (converted from USD),Salary.com Surge AI Data Ops 75th $165k (converted from USD),now,标注自动化缩减团队规模,12-24月→数据运营总监 / 自营标注厂(L3-MICRO-05),false
L3-EMP-03,机器人数据标注员/视频审核员 (受雇),L3,employee,在数据引擎公司做受雇标注员，审核遥操作轨迹、多视角视频并打标。,micro1 Data Engine; Scale AI,视频审核; 遥操作轨迹标注; 多视角标注,3D标注; 质检,按队列审核与标注视频/轨迹，按规范打标并自检，达成日产量。,0,0,数天(培训),入门门槛低; 收入偏低,工资(时薪),24400,62200,Glassdoor Data Annotator ~$15/hr年化 (converted from USD),Glassdoor 75th ~$38/hr年化 (converted from USD),now,自动标注替代基础岗,12-24月→标注质检主管/数据运营(L3-EMP-02),false
L3-EMP-04,数据贡献者招募/社区运营,L3,employee,为数据公司招募、筛选、培训标注员与操作员，扩大全球数据贡献者网络。,micro1; Scale AI; DoorDash Tasks,招募/sourcing; 筛选与onboarding; 培训; 网络扩张,多语种; 增长运营,周一定招募目标; 周二-周四sourcing+面试+onboarding; 周五看留存与产能、优化漏斗。,0,0,0-3个月,需招募/运营经验,工资+股权,39400,86600,通用科技招聘专员Glassdoor低端proxy (converted from USD),科技招聘专员高端proxy (converted from USD),now,AI自动招募(micro1 Zara)替代部分人力,12-24月→社区/运营负责人,false
L3-EMP-05,数据平台/数据基建工程师 (机器人),L3,employee,为机器人多模态数据平台建基础设施：数据入库、检索、可视化、ML流水线工具。,Foxglove; Scale AI,多模态数据基建; ML流水线; 数据检索/可视化工具,MCAP/ROS bag; 云/分布式,周一排期; 周二-周四开发数据平台功能/工具; 周五评审+发布+支持内部用户。,0,1500,3-6个月(有数据工程背景),需软件工程能力(非必须博士),工资+股权,90600,161400,levels.fyi机器人SWE低端$115k (converted from USD),levels.fyi Open Robotics $205k (converted from USD),now,通用数据平台替代专用工具,12-24月→资深/平台lead或转L5中间件,false
L4-EMP-01,人形机器人操作员/数据采集飞行员,L4,employee,穿戴遥操作/动捕设备操控人形机器人采集训练数据，按SOP执行、记录失败、上传。明确接受高中学历起步。,Figure AI; 1X Technologies; Apptronik,遥操作/动捕设备穿戴; 按SOP执行; 数据上传/标注; 体力(举重/久站),多机型; 故障记录,按班次穿戴设备引导机器人完成行为采数，标注会话，开失败工单，布置环境。,0,0,数天-2周(培训),需就近实验室; 体力要求; 多为现场,工资(时薪),40900,65400,Figure Operator JD $25/hr年化 Greenhouse (converted from USD),Figure Pilot JD $40/hr年化 Greenhouse (converted from USD),now,自主化/仿真数据减少现场采集需求,12-24月→操作主管/数据运营/测试技术员(L4-EMP-02),false
L4-EMP-02,机器人装配与测试技术员,L4,employee,按流程装配机器人子组件、用示波器/万用表做带电测试与硬件QA，记录缺陷。非博士路径。,Apptronik,程序化装配; 示波器/万用表测试; 硬件QA; 缺陷记录,焊接; 机械/电子基础,按工单装配子组件，bring-up测试与QA，记录并上报缺陷，配合工程迭代。,0,0,数周(在职培训),需就近工厂; 动手能力,工资,37500,54400,Glassdoor assembly&test technician 低端 (converted from USD),Glassdoor assembly&test technician 高端 (converted from USD),now,产线自动化; 量产外包至低成本地区,12-24月→测试工程师/产线主管/现场服务(L4-EMP-03),false
L4-EMP-03,机器人现场服务工程师,L4,employee,到客户现场安装、标定、诊断、维修机器人(如Spot/Stretch)，提供客户支持。,Boston Dynamics,现场安装/标定; 诊断维修; 客户支持; 出差,电气/机械; ROS基础,按派单到现场安装标定、诊断维修、培训客户，回传问题与备件需求。,0,500,0-3个月(有电气/机械经验),需技术经验; 频繁出差,工资+股权,63000,85800,Boston Dynamics FSE JD floor $80k Glassdoor (converted from USD),Boston Dynamics FSE JD ceiling $109k Glassdoor (converted from USD),now,远程诊断/自诊断减少现场需求,12-24月→现场服务主管/应用工程师,false
L4-EMP-04,硬件应用/集成工程师 (灵巧手/传感器),L4,employee,把灵巧手/触觉传感器等硬件集成进客户系统并提供应用支持; 明确接受用GitHub作品集替代博士。,PSYONIC; Wonik; GelSight,硬件集成; 应用支持; 编程/驱动调试,ROS; CAD; 客户演示,周一对接客户集成需求; 周二-周四集成调试硬件+写示例; 周五支持答疑+反馈改进。,0,1000,0-3个月(有作品集),需可展示的硬件/集成项目,工资+股权,85800,129100,Glassdoor robotics application engineer 低端proxy (converted from USD),Glassdoor robotics application engineer 高端proxy (converted from USD),now,即插即用硬件降低集成支持需求,12-24月→应用工程主管/解决方案工程师,false
L4-MICRO-01-WEST,SO-ARM/LeRobot 套件组装转售与打包 (西方),L4,micro_startup,1-5人在西方市场采购零件、3D打印结构件、组装+QA并销售即用型SO-ARM/LeRobot套件与捆绑包，提供入门支持。,WowRobo; Seeed Studio; PartaBot; AIFITLAB,供应链采购; 3D打印; 组装/QA; 订单履约+客户支持,教程/文档; 社群营销,周一备货+处理订单; 周二-周四组装+QA+发货; 周五客服答疑+内容营销+补货。,2000,15000,1-3个月(供应+样机+店铺),需备货资金+组装产能; 物流/退货,硬件销售毛利,4700,94500,$50毛利×10套/月(组装$300-450 vs $240成本) WowRobo/Seeed (converted from USD),$100-150毛利×60-80套/月规模 (converted from USD),now,开源设计被大厂低价量产; 利润薄,12-24月→自有品牌教育机器人公司,false
L4-MICRO-01-CN,SO-ARM/LeRobot 套件与零件制造转售 (深圳供应链),L4,micro_startup,依托深圳供应链(Seeed/Waveshare路线)制造并销售SO-ARM整套/零件，靠成本与产能取胜，面向全球。,Seeed Studio; Waveshare; WowRobo,BOM/制造; 供应链; 批量QA; 跨境电商,开源硬件迭代; 海外渠道,组织零件/整机制造与质检，运营跨境店铺与分销，按量出货并迭代设计。,3000,30000,1-3个月(打通供应链),需供应链关系+备货资本,制造销售毛利,7900,196900,低量代发$35零件套(薄利) Waveshare (converted from USD),整机$220-240×数百套+制造毛利 Seeed (converted from USD),now,同质化价格战; 大厂规模碾压,12-24月→开源机器人硬件品牌/ODM,false
L4-MICRO-02,3D打印机器人零件/STL 卖家,L4,micro_startup,基于开源CAD(The Robot Studio)在Etsy/Tindie/MakerWorld销售3D打印的SO-ARM/LeRobot结构件或数字STL。,The Robot Studio开源(经Etsy/Tindie/MakerWorld),FDM/树脂打印; 后处理; STL履约,设计改良; 店铺运营,周一接单备料; 周二-周四打印+后处理+发货; 周五上新/数字STL上架+客服。,300,3000,数周(打印机+首批),需3D打印机; 物理件利润受打印工时限,实体件/STL销售,1900,94500,数字STL副业$200/月 pixup3d (converted from USD),全职打印店$3k-10k/月(3-5台) eufymake (converted from USD),now,开源件人人可印; 价格压力,12-24月→升级为整套件转售(L4-MICRO-01-WEST),false
L4-MICRO-03,机器人配件/挂载套件制造商,L4,micro_startup,为Unitree Go2/G1等设计并销售配件与模块化挂载套件(Picatinny导轨、载荷挂载)，1-5人小批量生产。,Unitree Go2/G1 (经自有站/RoboStore/MakerWorld),Fusion 360设计; 导轨/挂载系统; 打印与发货,CNC/钣金; 电商运营,周一-周二设计/迭代配件; 周三-周四生产发货; 周五上架营销+客服。,500,5000,1-2个月(设计+首批),需设计与制造能力; 利基市场小,配件销售毛利,4700,63000,利基挂载套件低量(Amazon/Futurology) (converted from USD),3D配件店天花板proxy (converted from USD),now,平台机型迭代/停产; 山寨竞争,12-24月→机器人配件品牌/分销,false
L4-SOLO-01,自由机器人CAD/3D打印设计师,L4,solo,个人在Upwork/Cad Crowd接机器人/人形概念与零件的CAD设计、逆向、渲染、面向打印的DFM。,Upwork / Cad Crowd,SolidWorks/Fusion 360; 逆向工程; 渲染; 打印DFM,仿真; 机构设计,周一投标; 周二-周四出CAD+渲染+修改; 周五交付+复盘报价+更新作品集。,200,2000,1-3个月(档案+案例),需CAD作品集; 平台抽成,自由职业合同,26800,81900,Upwork $25/hr×~1000h / 行业低端 (converted from USD),"Cad Crowd 90th pct $104,431 (converted from USD)",now,AI辅助CAD/生成式设计压价,12-24月→机器人设计工作室或入职硬件公司,false
L4-SOLO-02,开源硬件套件 社区/开发者关系 (合约),L4,solo,个人以合约方式为开源硬件厂商做社区与开发者关系：运营Discord、写集成指南、做活动演示，赚赞助/联盟+合约费。,Hugging Face LeRobot; Seeed Studio,社区运营; 文档/集成指南; 现场演示,自带硬件演示; 多语种; 视频,周一社区答疑; 周二-周三写指南/做集成demo; 周四活动/直播; 周五厂商对接+联盟内容。,300,2000,3-6个月(建立社区影响力),需社区声誉+硬件熟悉,合约费+赞助/联盟,7900,94500,DevRel合约/赞助低端proxy (converted from USD),多厂商合约+联盟带货高端proxy (converted from USD),now,厂商预算波动; 社区平台变化,12-24月→入职DevRel(L1-EMP-01)或自营内容(L1-SOLO-03),false
L5-EMP-01,前置部署/解决方案工程师 (机器人中间件),L5,employee,在机器人中间件公司做面向客户的端到端部署：把平台落地到客户机器人/车队，做集成与硬件原型。,Viam; Formant; Foxglove,Python/C++; ROS熟悉; 客户落地实施; 硬件原型,TS; LLM/AI工作流; 云,周一对接客户; 周二-周四集成部署平台+调通车队; 周五交付+反馈产品+部分出差。,0,1500,0-3个月(有软件/集成背景),需软件能力; 部分出差,工资+股权,129900,185000,Viam JD floor $165k levels.fyi (converted from USD),Viam JD ceiling $235k levels.fyi (converted from USD),now,平台自助化降低部署人力,12-24月→解决方案主管 / 车队集成顾问(L5-MICRO-01),false
L5-EMP-02,"机器人软件工程师 (ROS2, 非博士路径)",L5,employee,写ROS2软件:导航/Nav2、集成、SDK; 接受自学/训练营出身的软件路径。,InOrbit; Rapyuta; Open Robotics生态,ROS2; Python/C++; Nav2; 软件基础,SLAM; 云; CI/CD,周一排期; 周二-周四写/调ROS2功能与集成; 周五评审+测试+发布。,0,1000,3-9个月(自学ROS2到可雇佣),需扎实软件能力+作品集(非必须博士),工资+股权,90600,161400,levels.fyi Agility $115k floor (converted from USD),levels.fyi Open Robotics $205k (converted from USD),now,AI辅助编程压缩初级岗,12-24月→资深/中间件lead或自由ROS2开发(L5-SOLO-01),false
L5-EMP-03,机器人技术/应用支持工程师 (AMR车队),L5,employee,为AMR车队做售后技术支持:CI/CD部署、排障、客户支持。,Rapyuta Robotics; InOrbit,ROS2; CI/CD部署; 系统排障; 客户支持,Linux运维; 网络,周一-周五处理客户工单、部署更新、远程排障并升级关键问题，回传产品反馈。,0,800,0-3个月,需ROS/运维基础,工资+股权,85800,129100,Glassdoor robotics application engineer 低端 (converted from USD),Glassdoor robotics application engineer 高端 (converted from USD),now,远程自诊断减少支持需求,12-24月→解决方案/部署工程师(L5-EMP-01),false
L5-EMP-04,机器人DevOps/SRE与功能安全工程师,L5,employee,为安全关键机器人栈做DevOps/SRE与功能安全:部署流水线、V&V、安全认证支持。,3Laws Robotics; FORT Robotics; Saphira AI,SRE/DevOps工具; Linux; ROS2集成; V&V/安全认证,嵌入式C++; 合规标准(SIL),周一-周四维护部署/CI、做V&V与安全用例、监控; 周五合规文档与发布。,0,1500,3-6个月(有DevOps/嵌入式背景),需DevOps+安全方法学,工资+股权,96900,199200,Glassdoor functional safety eng 25th $123k (converted from USD),Glassdoor functional safety eng 90th $253k (converted from USD),now,安全市场依赖监管推进,12-24月→安全/平台工程主管,false
L5-SOLO-01,自由ROS/ROS2 软件开发者,L5,solo,个人在Upwork/Arc.dev接ROS/ROS2合约:SLAM、PX4、自主导航等。,Upwork / Arc.dev,ROS2; LiDAR SLAM; PX4; Python/C++,仿真; 云; 客户沟通,周一投标; 周二-周四写/调ROS2代码; 周五交付+演示+复盘。,200,2000,1-3个月(档案+案例),需作品集; 平台抽成,自由职业合同,39400,157500,Upwork ROS $45-50/hr×~1000h (converted from USD),$100+/hr×~2000h Arc.dev (converted from USD),now,AI辅助编程压价; 离岸竞争,12-24月→车队集成顾问(L5-MICRO-01)或入职(L5-EMP-02),false
L5-SOLO-02,机器人平台插件/模块开发者 (Viam/Foxglove),L5,solo,个人开发并在Viam注册表(平台代收费)或Foxglove扩展市场发布模块/面板，赚分发收入或带来咨询。,Viam Registry; Foxglove扩展,Go/Python/C++/Rust; Viam组件/服务API或Foxglove SDK; GH Actions,TS/React; ROS schema,周一-周三开发模块/扩展+测试; 周四发布+写文档; 周五看采用+接咨询/定制。,0,500,2-6周(首个模块),付费分发刚起步、变现不确定,模块分发/带来的咨询,0,19700,Viam付费模块刚上线/Foxglove免费 — n/f低端 (converted from USD),小型付费插件收入proxy — n/f (converted from USD),6-12mo,付费分发机制不成熟; 平台政策变化,12-24月→平台上做垂直SaaS(L5-MICRO-02),false
L5-SOLO-03,开源机器人中间件维护者 (GitHub Sponsors),L5,solo,个人维护开源机器人中间件(如dora-rs/ROS包)，靠GitHub Sponsors+咨询+赏金变现。,dora-rs,Rust; 数据流架构; ROS互操作; OSS维护,文档; 社区运营,周一-周三开发/维护、处理issue与PR; 周四发布; 周五接咨询+维护赞助页。,0,500,6-12个月建立项目影响力,需系统编程功底; 赞助起量慢,Sponsors+咨询+赏金,7900,37800,GitHub Sponsors低档~$800/mo (converted from USD),GitHub Sponsors顶档$4k/mo (converted from USD),now,纯OSS变现难; 大厂主导生态,12-24月→被中间件公司招募或商业化项目,false
L5-MICRO-01,机器人车队集成咨询 (1-5人),L5,micro_startup,1-5人小工作室，为客户部署Formant/InOrbit车队运维+遥操作，做云机器人集成。,Formant; InOrbit,车队管理; 遥操作搭建; 云机器人集成; Python/TS,行业领域知识; 销售,周一对接客户; 周二-周四集成部署车队运维; 周五交付+维护+谈续约/新单。,1000,10000,1-3个月(首单),需平台专长+客户关系,项目+月度retainer,39400,283500,单个小部署/顾问日费proxy (converted from USD),多客户$8-15k/月retainer (converted from USD),now,平台自助化; 客户自建团队,12-24月→区域机器人集成服务公司,false
L5-MICRO-02,基于Viam/Formant的垂直SaaS微应用,L5,micro_startup,1-5人在Viam/Formant平台上做某垂直行业的机器人SaaS应用并向客户收费。,Viam; Formant,平台SDK/API; Web应用开发; 垂直行业化; 部署,增长; 设计,周一看用户反馈; 周二-周四开发垂直应用功能; 周五发版+onboard客户+营销。,500,8000,3-6个月(MVP+首批客户),需平台+应用开发能力+垂直客户,SaaS订阅,3900,196900,早期app+Viam $5/mo起 Viam pricing (converted from USD),按机数转售的小型垂直SaaS天花板 Viam (converted from USD),now,平台政策/定价变化; 垂直需求有限,12-24月→垂直机器人SaaS公司,false
L6-EMP-01,远程机器人操作员/接管干预专员,L6,employee,受雇做远程机器人操作:监控仓储拣选/人行道配送机器人画面，在异常时接管。低门槛入口，含带薪培训。,Plus One Robotics; Coco Robotics; Serve Robotics,反应速度; 异常接管; 遥操作看板; 稳定网络,导航判断; 多机型,"按班次监控多台机器人画面，异常时远程接管处理,记录干预并交接。",0,0,数天(30小时带薪培训),需稳定网络; 轮班; 部分现场,工资(时薪),22000,74800,Coco/Serve $13.46/hr年化 ZipRecruiter (converted from USD),均~$46/hr(高$91.59) 年化 ZipRecruiter (converted from USD),now,自主率提升:一人管更多机器人→岗位被压缩,12-24月→车队主管/部署经理(L6-EMP-03),false
L6-EMP-02,垂直机器人 现场部署/服务技术员,L6,employee,"到客户现场安装、调试、维修垂直行业机器人(仓储/农业/食品),做控制安全测试与客户培训。跨垂直合并。",Mujin/OSARO/Pickle (仓储); Carbon/FarmWise (农业); Miso/Chef (食品),现场安装调试; 机电排障; 控制/安全测试; 客户现场支持,数据采集/标注辅助; 行业知识,"按派单驻场安装调试机器人,做安全测试与培训,处理故障并回传问题。",0,500,0-3个月(有机电经验),需机电基础; 出差/驻场,工资+股权,46900,83500,Glassdoor robotics field service technician 低端 (converted from USD),Glassdoor robotics field service technician 高端~$106k (converted from USD),now,远程诊断/更可靠硬件减少现场需求,12-24月→部署经理/区域服务主管或自营集成(L6-MICRO-01),false
L6-EMP-03,RaaS客户成功/部署经理,L6,employee,拥有RaaS客户账户:管理部署、分析成效、做扩张/复购与跨部门协调。,Chef Robotics; Brain Corp; Diligent Robotics,客户关系管理; 部署数据分析; 扩张/复购; 跨职能协调,行业知识; 项目管理,周一定客户成功计划; 周二-周四跟进部署成效+客户对齐+扩张; 周五复盘指标+协调内部。,0,500,0-3个月(有CSM/部署经验),需客户成功/部署经验,工资+股权,86400,150600,Glassdoor Locus Robotics CSM 25th $109.7k (converted from USD),Glassdoor Locus Robotics CSM 75th $191.3k (converted from USD),now,RaaS需求随客户预算波动,12-24月→客户成功总监/区域负责人,false
L6-EMP-04,商用无人机操作员/Part 107飞手 (受雇),L6,employee,"受雇做建筑/基础设施现场无人机测绘与数据采集(自主飞行),持FAA Part 107。",Skydio部署,FAA Part 107; 现场测绘(DroneDeploy); 数据采集; 自主飞行操作,摄影测量; GIS,按项目到现场规划航线、飞行采集、处理数据并交付成果。,130,2000,1-2个月(考Part 107+熟练),需Part 107证; 现场/出差,工资(时薪),58600,106800,Glassdoor Part 107 pilot $36/hr年化 (converted from USD),Glassdoor Part 107 pilot $65/hr年化 (converted from USD),now,全自主无人机减少人工飞手需求,12-24月→自营无人机服务(L6-SOLO-01)或服务公司(L6-MICRO-03),false
L6-SOLO-01,Part 107无人机巡检/测绘服务个体,L6,solo,"个人持Part 107,用Skydio/DJI为建筑/基础设施/农业提供巡检与测绘,按小时/项目/英亩收费。",Skydio/DJI + DroneDeploy,FAA Part 107; 摄影测量/热成像巡检; 航线规划; 数据成果交付,GIS; NDVI多光谱; 销售,周一接单/规划; 周二-周四现场飞行采集; 周五处理数据+交付报告+开发客户。,1500,8000,1-3个月(证+设备+首单),需Part 107+无人机设备($1.5-8k),按小时/项目/英亩,23600,118100,"$5-15/英亩或$150-500/单,兼职 UAV Coach (converted from USD)","巡检$300-700/hr,$500-2,500/单 Skyebrowse (converted from USD)",now,全自主巡检平台+市场饱和压价,12-24月→无人机服务公司(L6-MICRO-03),false
L6-SOLO-02,农业机器人除草承包人 (除草即服务),L6,solo,"个人自有或租用激光/机械除草机器人,按英亩为农场提供除草即服务。",FarmWise; Carbon Robotics (LaserWeeder),田间机器操作; 按英亩服务运营; 作物-杂草标定; 季节排程,农艺知识; 设备维护,"按农场排期到田间运行除草机器人,按英亩计费,维护设备并跟季节扩客。",20000,200000,3-6个月(购/租设备+首批农场),设备资本高(买)或租赁; 季节性强,按英亩服务费,31500,196900,按吞吐+省药成本建模(无公开服务价) Carbon (converted from USD),"有机高价作物$500-2,000/英亩季 farm-equipment (converted from USD)",6-12mo,农场自购设备; 设备厂直营RaaS挤压中间承包,12-24月→区域农业机器人服务公司,false
L6-SOLO-03,自主洗地机 业主-操作员 (清洁服务),L6,solo,"个人购置自主洗地机器人,承接商业场所清洁合同,机器人替代大量人工面积。",Tennant/Nilfisk/Kärcher KIRA; Gausium,自主洗地机操作/充电; 路线设置; 清洁合同销售; 基础维护,多场地运营; B2B销售,"部署机器人到合同场地夜间清洁,白天巡检维护与开发新合同,按面积/合同计费。",12000,40000,1-3个月(购机+首个合同),机器$15-50k资本(或RaaS租赁),清洁合同(按面积),23600,118100,单合同净~$600-900/月 commercialrobotvacuums (converted from USD),多班多场地(3×人工面积) sproutmation (converted from USD),now,厂商直营RaaS绕过个体; 清洁价格战,12-24月→区域清洁机器人RaaS(L6-MICRO-01),false
L6-MICRO-01,区域RaaS转售/部署集成商,L6,micro_startup,1-5人做区域机器人即服务转售与部署集成(清洁/安防/服务机器人):现场部署、培训、账户管理、预防性维护。,Avidbots/Gausium/SoftBank; SMP Robotics; Locus,现场部署与培训; 账户管理; 预防性维护; 渠道销售,融资/订阅设置; 多品牌集成,周一-周二渠道销售+融资方案; 周三-周四部署+培训+维护; 周五账户管理+SLA保障+扩队。,5000,40000,1-3个月(渠道+首批部署),需渠道关系+服务能力+周转资金,RaaS订阅分成,18900,236200,"1-2台×$500-2,000/月分成 embeddedcomputing (converted from USD)",10-25台车队×$1-2k/月 hardfin (converted from USD),now,厂商直营绕过转售; RaaS价格压缩,12-24月→区域机器人部署服务公司,false
L6-MICRO-02,面向中小企业的垂直机器人采用顾问,L6,micro_startup,1-5人帮中小企业(食品/仓储/清洁)评估、选型、落地机器人:需求评估、ROI建模、供应商选择、部署PM、变革管理。,平台无关(Chef/Miso/Avidbots/Locus),需求评估与ROI建模; 供应商选择; 部署项目管理; 变革管理,行业人脉; 数据分析,周一-周二客户诊断+ROI建模; 周三-周四选型+部署PM; 周五成效跟踪+员工变革管理。,500,5000,1-2个月(首个客户),需行业人脉+咨询信誉,咨询费/retainer,18900,141700,"轻咨询retainer $2,000/月 (converted from USD)",$8-15k/月或$150-500/hr (converted from USD),now,厂商提供免费部署咨询; RaaS降低决策复杂度,12-24月→垂直机器人集成/咨询公司,false
L6-MICRO-03,建筑/基础设施无人机服务公司 (1-5人),L6,micro_startup,"1-5人无人机服务公司,以retainer模式为建筑/基础设施客户做周期性测绘巡检与数据报告。",Skydio + DroneDeploy / DSLRPros,Part 107团队运营; 周期性测绘节奏; 数据处理与报告; retainer客户管理,多机型; GIS; BD,周一排多站点航次; 周二-周四团队飞行采集; 周五处理数据出报告+管理retainer+开发客户。,5000,30000,1-3个月(组队+设备+首批retainer),需多名持证飞手+设备+客户合同,月度retainer+项目,18900,236200,"单站点~$2,000/月监测retainer getmonetizely (converted from USD)",多站点$2-8k/月+一次性$1-3k UAV Coach (converted from USD),now,全自主基站无人机(如Skydio Dock)替代人工服务,12-24月→区域无人机/地理空间数据公司,false
